{
    "parent": "minecraft:block/carved_pumpkin",
    "overrides": [
        { "predicate": { "custom_model_data": 1 }, "model": "hatpack:block/hat/hatsune_miku" },
        { "predicate": { "custom_model_data": 2 }, "model": "hatpack:block/hat/dimmadome_top_hat" },
        { "predicate": { "custom_model_data": 3 }, "model": "hatpack:block/hat/dragon_egg_for_sharing" },
        { "predicate": { "custom_model_data": 4 }, "model": "hatpack:block/hat/cat_ear_headphones" },
        { "predicate": { "custom_model_data": 5 }, "model": "hatpack:block/hat/fairy_crown" },
        { "predicate": { "custom_model_data": 6 }, "model": "hatpack:block/hat/toilet_roll" },
        { "predicate": { "custom_model_data": 7 }, "model": "hatpack:block/hat/monitor_base" },
        { "predicate": { "custom_model_data": 8 }, "model": "hatpack:block/hat/monitor_smile" },
        { "predicate": { "custom_model_data": 9 }, "model": "hatpack:block/hat/monitor_frown" }
    ]
}