{
	"credit": "Made with Blockbench",
	"parent": "minecraft:item/pumpkin",
	"texture_size": [32, 32],
	"textures": {
		"0": "hatpack:block/hat/cat_ears",
		"particle": "hatpack:block/hat/cat_ears"
	},
	"elements": [
		{
			"from": [-1, 0, 4],
			"to": [3, 8, 12],
			"rotation": {"angle": 0, "axis": "x", "origin": [1, 0, 4]},
			"faces": {
				"north": {"uv": [0, 4, 1, 6], "texture": "#0"},
				"east": {"uv": [1, 6, 3, 8], "texture": "#0"},
				"south": {"uv": [3, 6, 4, 8], "texture": "#0"},
				"west": {"uv": [1, 4, 3, 6], "texture": "#0"},
				"up": {"uv": [3, 4, 4, 6], "texture": "#0"},
				"down": {"uv": [0, 6, 1, 8], "texture": "#0"}
			}
		},
		{
			"from": [0, 7, 6],
			"to": [2, 11, 10],
			"rotation": {"angle": 0, "axis": "x", "origin": [1, 2, 4]},
			"faces": {
				"north": {"uv": [6, 0, 6.5, 1], "texture": "#0"},
				"east": {"uv": [6.5, 1, 7.5, 2], "texture": "#0"},
				"south": {"uv": [7.5, 1, 8, 2], "texture": "#0"},
				"west": {"uv": [6.5, 0, 7.5, 1], "texture": "#0"},
				"up": {"uv": [7.5, 0, 8, 1], "texture": "#0"},
				"down": {"uv": [6, 1, 6.5, 2], "texture": "#0"}
			}
		},
		{
			"from": [14, 7, 6],
			"to": [16, 11, 10],
			"rotation": {"angle": 0, "axis": "x", "origin": [15, 2, 4]},
			"faces": {
				"north": {"uv": [6, 2, 6.5, 3], "texture": "#0"},
				"east": {"uv": [6.5, 3, 7.5, 4], "texture": "#0"},
				"south": {"uv": [7.5, 3, 8, 4], "texture": "#0"},
				"west": {"uv": [6.5, 2, 7.5, 3], "texture": "#0"},
				"up": {"uv": [7.5, 2, 8, 3], "texture": "#0"},
				"down": {"uv": [6, 3, 6.5, 4], "texture": "#0"}
			}
		},
		{
			"from": [-2, 2, 6],
			"to": [-1, 6, 10],
			"rotation": {"angle": 0, "axis": "x", "origin": [-1, 0, 4]},
			"faces": {
				"north": {"uv": [5.5, 3, 6, 4], "texture": "#0"},
				"east": {"uv": [4, 3, 5, 4], "texture": "#0"},
				"south": {"uv": [5, 3, 5.5, 4], "texture": "#0"},
				"west": {"uv": [4, 2, 5, 3], "texture": "#0"},
				"up": {"uv": [5.5, 2, 6, 3], "texture": "#0"},
				"down": {"uv": [5, 2, 5.5, 3], "texture": "#0"}
			}
		},
		{
			"from": [0, 9, 6],
			"to": [4, 11, 10],
			"rotation": {"angle": 22.5, "axis": "z", "origin": [0, 11, 4]},
			"faces": {
				"north": {"uv": [6, 4, 6.5, 5], "rotation": 270, "texture": "#0"},
				"east": {"uv": [7.5, 5, 8, 6], "rotation": 90, "texture": "#0"},
				"south": {"uv": [7.5, 4, 8, 5], "rotation": 90, "texture": "#0"},
				"west": {"uv": [6, 5, 6.5, 6], "rotation": 90, "texture": "#0"},
				"up": {"uv": [6.5, 5, 7.5, 6], "rotation": 90, "texture": "#0"},
				"down": {"uv": [6.5, 4, 7.5, 5], "rotation": 90, "texture": "#0"}
			}
		},
		{
			"from": [3, 10.5, 6],
			"to": [13, 12.5, 10],
			"rotation": {"angle": 0, "axis": "z", "origin": [4, 10.5, 4]},
			"faces": {
				"north": {"uv": [6.5, 6.5, 9, 7], "texture": "#0"},
				"east": {"uv": [6.5, 7, 7.5, 7.5], "texture": "#0"},
				"south": {"uv": [6.5, 6, 9, 6.5], "texture": "#0"},
				"west": {"uv": [7.5, 7, 8.5, 7.5], "texture": "#0"},
				"up": {"uv": [4, 7, 6.5, 8], "texture": "#0"},
				"down": {"uv": [4, 6, 6.5, 7], "texture": "#0"}
			}
		},
		{
			"from": [1, 10.75, 7],
			"to": [5, 14.75, 9],
			"rotation": {"angle": 0, "axis": "z", "origin": [-4, 11.75, 4]},
			"faces": {
				"north": {"uv": [0, 8, 1, 9], "texture": "#0"},
				"east": {"uv": [3.5, 8, 4, 9], "texture": "#0"},
				"south": {"uv": [1, 8, 2, 9], "texture": "#0"},
				"west": {"uv": [3, 8, 3.5, 9], "texture": "#0"},
				"up": {"uv": [2, 8.5, 3, 9], "texture": "#0"},
				"down": {"uv": [2, 8, 3, 8.5], "texture": "#0"}
			}
		},
		{
			"from": [2, 14.75, 7],
			"to": [4, 16.75, 9],
			"rotation": {"angle": 0, "axis": "z", "origin": [-4, 14.75, 4]},
			"faces": {
				"north": {"uv": [4, 8, 4.5, 8.5], "texture": "#0"},
				"east": {"uv": [5, 8.5, 5.5, 9], "texture": "#0"},
				"south": {"uv": [4.5, 8.5, 5, 9], "texture": "#0"},
				"west": {"uv": [4, 8.5, 4.5, 9], "texture": "#0"},
				"up": {"uv": [5, 8, 5.5, 8.5], "texture": "#0"},
				"down": {"uv": [4.5, 8, 5, 8.5], "texture": "#0"}
			}
		},
		{
			"from": [12, 9, 6],
			"to": [16, 11, 10],
			"rotation": {"angle": -22.5, "axis": "z", "origin": [16, 11, 4]},
			"faces": {
				"north": {"uv": [5.5, 5, 6, 6], "rotation": 90, "texture": "#0"},
				"east": {"uv": [5, 5, 5.5, 6], "rotation": 270, "texture": "#0"},
				"south": {"uv": [5.5, 4, 6, 5], "rotation": 270, "texture": "#0"},
				"west": {"uv": [5, 4, 5.5, 5], "rotation": 270, "texture": "#0"},
				"up": {"uv": [4, 5, 5, 6], "rotation": 270, "texture": "#0"},
				"down": {"uv": [4, 4, 5, 5], "rotation": 270, "texture": "#0"}
			}
		},
		{
			"from": [17, 2, 6],
			"to": [18, 6, 10],
			"rotation": {"angle": 0, "axis": "x", "origin": [17, 0, 4]},
			"faces": {
				"north": {"uv": [6, 1, 5.5, 2], "texture": "#0"},
				"east": {"uv": [5, 0, 4, 1], "texture": "#0"},
				"south": {"uv": [5.5, 1, 5, 2], "texture": "#0"},
				"west": {"uv": [5, 1, 4, 2], "texture": "#0"},
				"up": {"uv": [6, 0, 5.5, 1], "texture": "#0"},
				"down": {"uv": [5.5, 0, 5, 1], "texture": "#0"}
			}
		},
		{
			"from": [12, 14.75, 7],
			"to": [14, 16.75, 9],
			"rotation": {"angle": 0, "axis": "z", "origin": [20, 14.75, 4]},
			"faces": {
				"north": {"uv": [4, 9, 4.5, 9.5], "texture": "#0"},
				"east": {"uv": [5, 9.5, 5.5, 10], "texture": "#0"},
				"south": {"uv": [4.5, 9.5, 5, 10], "texture": "#0"},
				"west": {"uv": [4, 9.5, 4.5, 10], "texture": "#0"},
				"up": {"uv": [5, 9, 5.5, 9.5], "texture": "#0"},
				"down": {"uv": [4.5, 9, 5, 9.5], "texture": "#0"}
			}
		},
		{
			"from": [11, 10.75, 7],
			"to": [15, 14.75, 9],
			"rotation": {"angle": 0, "axis": "z", "origin": [20, 11.75, 4]},
			"faces": {
				"north": {"uv": [0, 9, 1, 10], "texture": "#0"},
				"east": {"uv": [3.5, 9, 4, 10], "texture": "#0"},
				"south": {"uv": [1, 9, 2, 10], "texture": "#0"},
				"west": {"uv": [3, 9, 3.5, 10], "texture": "#0"},
				"up": {"uv": [2, 9.5, 3, 10], "texture": "#0"},
				"down": {"uv": [2, 9, 3, 9.5], "texture": "#0"}
			}
		},
		{
			"from": [13, 0, 4],
			"to": [17, 8, 12],
			"rotation": {"angle": 0, "axis": "x", "origin": [15, 0, 4]},
			"faces": {
				"north": {"uv": [1, 0, 0, 2], "texture": "#0"},
				"east": {"uv": [3, 0, 1, 2], "texture": "#0"},
				"south": {"uv": [4, 0, 3, 2], "texture": "#0"},
				"west": {"uv": [3, 2, 1, 4], "texture": "#0"},
				"up": {"uv": [1, 2, 0, 4], "texture": "#0"},
				"down": {"uv": [4, 2, 3, 4], "texture": "#0"}
			}
		}
	],
	"display": {
		"thirdperson_righthand": {
			"rotation": [85, -83, 0],
			"translation": [0, -2, -1.5],
			"scale": [0.5, 0.5, 0.5]
		},
		"thirdperson_lefthand": {
			"rotation": [85, -83, 0],
			"translation": [0, -2, -1.5],
			"scale": [0.5, 0.5, 0.5]
		},
		"firstperson_righthand": {
			"rotation": [0, 0, 15],
			"translation": [2.75, 0, 0],
			"scale": [0.65, 0.65, 0.65]
		},
		"firstperson_lefthand": {
			"rotation": [0, 0, 15],
			"translation": [2.75, 0, 0],
			"scale": [0.65, 0.65, 0.65]
		},
		"ground": {
			"rotation": [31, 0, 19],
			"translation": [0, 1, 0],
			"scale": [0.4, 0.4, 0.4]
		},
		"gui": {
			"rotation": [28, 38, 0],
			"scale": [0.7, 0.7, 0.7]
		},
		"head": {
			"translation": [0, 4.25, 0]
		}
	}
}