{
	"credit": "Made with Blockbench",
	"parent": "minecraft:item/carved_pumpkin",
	"texture_size": [32, 32],
	"textures": {
		"0": "hatpack:block/hat/dimmadome_top_hat",
		"particle": "hatpack:block/hat/dimmadome_top_hat"
	},
	"elements": [
		{
			"name": "base",
			"from": [-2, -16, -2],
			"to": [18, -15, 18],
			"rotation": {"angle": 0, "axis": "y", "origin": [-2, 0, -1]},
			"faces": {
				"north": {"uv": [10, 0, 15, 0.5], "texture": "#0"},
				"east": {"uv": [10, 0.5, 15, 1], "texture": "#0"},
				"south": {"uv": [10, 1, 15, 1.5], "texture": "#0"},
				"west": {"uv": [10, 1.5, 15, 2], "texture": "#0"},
				"up": {"uv": [5, 0, 10, 5], "texture": "#0"},
				"down": {"uv": [0, 0, 5, 5], "texture": "#0"}
			}
		},
		{
			"name": "base-edge",
			"from": [-4, -15, 0],
			"to": [-2, -14, 16],
			"rotation": {"angle": 0, "axis": "y", "origin": [-1, 1, -1]},
			"faces": {
				"north": {"uv": [12.5, 9.5, 13, 10], "texture": "#0"},
				"east": {"uv": [12, 8.5, 16, 9], "texture": "#0"},
				"south": {"uv": [12, 9.5, 12.5, 10], "texture": "#0"},
				"west": {"uv": [12, 9, 16, 9.5], "texture": "#0"},
				"up": {"uv": [14, 4, 14.5, 8], "texture": "#0"},
				"down": {"uv": [13.5, 4, 14, 8], "texture": "#0"}
			}
		},
		{
			"name": "base-edge",
			"from": [18, -15, 0],
			"to": [20, -14, 16],
			"rotation": {"angle": 0, "axis": "y", "origin": [21, 1, -1]},
			"faces": {
				"north": {"uv": [12, 12, 12.5, 12.5], "texture": "#0"},
				"east": {"uv": [12, 11, 16, 11.5], "texture": "#0"},
				"south": {"uv": [12.5, 12, 13, 12.5], "texture": "#0"},
				"west": {"uv": [12, 11.5, 16, 12], "texture": "#0"},
				"up": {"uv": [15, 4, 15.5, 8], "texture": "#0"},
				"down": {"uv": [14.5, 4, 15, 8], "texture": "#0"}
			}
		},
		{
			"name": "main_hat",
			"from": [3, -15, 3],
			"to": [13, 29, 13],
			"rotation": {"angle": 0, "axis": "x", "origin": [8, -1, 8]},
			"faces": {
				"north": {"uv": [0, 5, 2.5, 16], "texture": "#0"},
				"east": {"uv": [2.5, 5, 5, 16], "texture": "#0"},
				"south": {"uv": [5, 5, 7.5, 16], "texture": "#0"},
				"west": {"uv": [7.5, 5, 10, 16], "texture": "#0"},
				"up": {"uv": [10, 5, 12.5, 7.5], "texture": "#0"}
			}
		},
		{
			"name": "tip",
			"from": [3, 29, 3],
			"to": [6, 30, 13],
			"rotation": {"angle": 0, "axis": "y", "origin": [3, 29, 3]},
			"faces": {
				"north": {"uv": [11, 8.5, 11.5, 9], "texture": "#0"},
				"east": {"uv": [11, 8, 13.5, 8.5], "texture": "#0"},
				"south": {"uv": [11.5, 8.5, 12, 9], "texture": "#0"},
				"west": {"uv": [11, 7.5, 13.5, 8], "texture": "#0"},
				"up": {"uv": [10.5, 7.5, 11, 10], "texture": "#0"},
				"down": {"uv": [10, 7.5, 10.5, 10], "texture": "#0"}
			}
		},
		{
			"name": "tip",
			"from": [10, 29, 3],
			"to": [13, 30, 13],
			"rotation": {"angle": 0, "axis": "y", "origin": [9, 29, 3]},
			"faces": {
				"north": {"uv": [11, 11, 11.5, 11.5], "texture": "#0"},
				"east": {"uv": [11, 10.5, 13.5, 11], "texture": "#0"},
				"south": {"uv": [11.5, 11, 12, 11.5], "texture": "#0"},
				"west": {"uv": [11, 10, 13.5, 10.5], "texture": "#0"},
				"up": {"uv": [10.5, 10, 11, 12.5], "texture": "#0"},
				"down": {"uv": [10, 10, 10.5, 12.5], "texture": "#0"}
			}
		},
		{
			"name": "buckle",
			"from": [2, -14, 2],
			"to": [14, -13, 14],
			"rotation": {"angle": 0, "axis": "y", "origin": [8, -14, 8]},
			"faces": {
				"north": {"uv": [10, 3, 16, 4], "texture": "#0"},
				"east": {"uv": [10, 13.5, 16, 14.5], "texture": "#0"},
				"south": {"uv": [10, 2, 16, 3], "texture": "#0"},
				"west": {"uv": [10, 12.5, 16, 13.5], "texture": "#0"}
			}
		}
	],
	"display": {
		"thirdperson_righthand": {
			"rotation": [57.75, 0, 0],
			"translation": [0, 9.75, 13.75],
			"scale": [0.25, 0.75, 0.25]
		},
		"thirdperson_lefthand": {
			"rotation": [57.75, 0, 0],
			"translation": [0, 9.75, 13.75],
			"scale": [0.25, 0.75, 0.25]
		},
		"firstperson_righthand": {
			"translation": [5.75, 19, 0],
			"scale": [0.82, 1, 0.72]
		},
		"firstperson_lefthand": {
			"translation": [5.75, 19, 0],
			"scale": [0.82, 1, 0.72]
		},
		"ground": {
			"translation": [0, 37, 0],
			"scale": [0.4, 1.69, 0.4]
		},
		"gui": {
			"rotation": [24, 36, 3],
			"translation": [0, 8.5, 0],
			"scale": [0.65, 0.65, 0.65]
		},
		"head": {
			"translation": [0, 78, 0],
			"scale": [1, 3, 1]
		},
		"fixed": {
			"rotation": [-90, 0, 0],
			"translation": [0, 0, -71],
			"scale": [1, 3, 1]
		}
	}
}