{
	"credit": "Made with Blockbench",
	"parent": "minecraft:item/carved_pumpkin",
	"textures": {
		"0": "hatpack:block/hat/dragon_egg",
		"1": "block/stripped_spruce_log",
		"particle": "hatpack:block/hat/dragon_egg"
	},
	"elements": [
		{
			"name": "paper",
			"from": [0.25, 0.25, -0.25],
			"to": [15.75, 15.75, -0.75],
			"rotation": {"angle": 0, "axis": "y", "origin": [0, 0, -0.5]},
			"faces": {
				"north": {"uv": [0, 0, 16, 16], "texture": "#0"},
				"south": {"uv": [0, 0, 16, 16], "texture": "#0"}
			}
		},
		{
			"from": [0, 0, 0],
			"to": [4, 4, 16],
			"faces": {
				"north": {"uv": [0, 0, 4, 4], "texture": "#1"},
				"east": {"uv": [0, 0, 16, 4], "texture": "#1"},
				"south": {"uv": [0, 0, 4, 4], "texture": "#1"},
				"west": {"uv": [0, 0, 16, 4], "texture": "#1"},
				"up": {"uv": [0, 0, 4, 16], "texture": "#1"},
				"down": {"uv": [0, 0, 4, 16], "texture": "#1"}
			}
		},
		{
			"from": [4, 0, 12],
			"to": [12, 4, 16],
			"faces": {
				"north": {"uv": [0, 0, 8, 4], "texture": "#1"},
				"south": {"uv": [0, 0, 8, 4], "texture": "#1"},
				"up": {"uv": [0, 0, 8, 4], "texture": "#1"},
				"down": {"uv": [0, 0, 8, 4], "texture": "#1"}
			}
		},
		{
			"from": [12, 0, 0],
			"to": [16, 4, 16],
			"rotation": {"angle": 0, "axis": "y", "origin": [14, 0, 0]},
			"faces": {
				"north": {"uv": [0, 0, 4, 4], "texture": "#1"},
				"east": {"uv": [0, 0, 16, 4], "texture": "#1"},
				"south": {"uv": [0, 0, 4, 4], "texture": "#1"},
				"west": {"uv": [0, 0, 16, 4], "texture": "#1"},
				"up": {"uv": [0, 0, 4, 16], "texture": "#1"},
				"down": {"uv": [0, 0, 4, 16], "texture": "#1"}
			}
		},
		{
			"name": "front bottom",
			"from": [4, 0, 0],
			"to": [12, 4, 4],
			"rotation": {"angle": 0, "axis": "y", "origin": [0, 0, -14]},
			"faces": {
				"north": {"uv": [0, 8, 12, 10], "texture": "#1"},
				"south": {"uv": [0, 18, 12, 20], "texture": "#1"},
				"up": {"uv": [0, 20, 12, 22], "texture": "#1"},
				"down": {"uv": [0, 22, 12, 24], "texture": "#1"}
			}
		},
		{
			"name": "front top",
			"from": [2, 10, 0],
			"to": [14, 14, 4],
			"rotation": {"angle": 0, "axis": "y", "origin": [0, 13, -14]},
			"faces": {
				"north": {"uv": [0, 24, 12, 26], "texture": "#1"},
				"south": {"uv": [0, 26, 12, 28], "texture": "#1"},
				"up": {"uv": [0, 6, 12, 8], "texture": "#1"},
				"down": {"uv": [0, 30, 12, 32], "texture": "#1"}
			}
		},
		{
			"name": "front side",
			"from": [12, 4, 0],
			"to": [16, 16, 4],
			"rotation": {"angle": 0, "axis": "y", "origin": [14, 0, 0]},
			"faces": {
				"north": {"uv": [16, 0, 18, 14], "texture": "#1"},
				"east": {"uv": [12, 0, 14, 14], "texture": "#1"},
				"south": {"uv": [20, 0, 22, 14], "texture": "#1"},
				"west": {"uv": [22, 0, 24, 14], "texture": "#1"},
				"up": {"uv": [16, 14, 18, 16], "texture": "#1"}
			}
		},
		{
			"name": "front side",
			"from": [0, 4, 0],
			"to": [4, 16, 4],
			"faces": {
				"north": {"uv": [24, 0, 26, 14], "texture": "#1"},
				"east": {"uv": [26, 0, 28, 14], "texture": "#1"},
				"south": {"uv": [28, 0, 30, 14], "texture": "#1"},
				"west": {"uv": [6, 0, 8, 14], "texture": "#1"},
				"up": {"uv": [24, 14, 26, 16], "texture": "#1"}
			}
		},
		{
			"from": [11.75, 1, -2],
			"to": [15.75, 5, 15],
			"rotation": {"angle": 45, "axis": "x", "origin": [13.75, 3, 14]},
			"faces": {
				"east": {"uv": [0, 0, 16, 4], "texture": "#1"},
				"west": {"uv": [0, 0, 16, 4], "texture": "#1"},
				"up": {"uv": [4, 0, 8, 16], "texture": "#1"},
				"down": {"uv": [0, 0, 4, 16], "texture": "#1"}
			}
		},
		{
			"from": [0.5, 0, -3],
			"to": [4.5, 4, 14],
			"rotation": {"angle": 45, "axis": "x", "origin": [0.5, 2, 15]},
			"faces": {
				"east": {"uv": [0, 0, 19, 2], "texture": "#1"},
				"west": {"uv": [0, 0, 19, 2], "texture": "#1"},
				"up": {"uv": [0, -3, 2, 16], "texture": "#1"},
				"down": {"uv": [0, 0, 2, 19], "texture": "#1"}
			}
		}
	],
	"display": {
		"thirdperson_righthand": {
			"rotation": [66, 0, 0],
			"translation": [-5.75, -0.5, 0],
			"scale": [0.6, 0.6, 0.6]
		},
		"thirdperson_lefthand": {
			"rotation": [66, 0, 0],
			"translation": [-5.75, -0.5, 0],
			"scale": [0.6, 0.6, 0.6]
		},
		"firstperson_righthand": {
			"translation": [-9, -3.25, 0]
		},
		"firstperson_lefthand": {
			"translation": [-9, -3.25, 0]
		},
		"ground": {
			"scale": [0.4, 0.4, 0.4]
		},
		"gui": {
			"rotation": [30, 140, 0],
			"translation": [0, 1, 0],
			"scale": [0.65, 0.65, 0.65]
		},
		"head": {
			"translation": [0, 12.25, 0],
			"scale": [0.75, 0.75, 0.75]
		},
		"fixed": {
			"translation": [0, 0, 8.5]
		}
	}
}