{
	"credit": "Made with Blockbench",
	"texture_size": [64, 64],
	"textures": {
		"0": "hatpack:block/hat/hatsune_miku",
		"particle": "hatpack:block/hat/hatsune_miku"
	},
	"elements": [
		{
			"name": "base",
			"from": [0, 9, 0],
			"to": [16, 27, 16],
			"rotation": {"angle": 0, "axis": "y", "origin": [0, -21, 0]},
			"faces": {
				"north": {"uv": [0, 2, 2, 4.5], "texture": "#0"},
				"east": {"uv": [6, 2, 8, 4.5], "texture": "#0"},
				"south": {"uv": [2, 2, 4, 4.5], "texture": "#0"},
				"west": {"uv": [4, 2, 6, 4.5], "texture": "#0"},
				"up": {"uv": [0, 0, 2, 2], "texture": "#0"},
				"down": {"uv": [2, 0, 4, 2], "texture": "#0"}
			}
		},
		{
			"name": "connecting hair",
			"from": [-3, 25, 9],
			"to": [1, 27, 11],
			"rotation": {"angle": -22.5, "axis": "z", "origin": [1, 25, 9]},
			"faces": {
				"north": {"uv": [0, 0, 0.5, 1], "rotation": 90, "texture": "#0"},
				"east": {"uv": [0, 0, 0.5, 0.5], "rotation": 270, "texture": "#0"},
				"south": {"uv": [0, 0, 0.5, 1], "rotation": 270, "texture": "#0"},
				"west": {"uv": [0, 0, 0.5, 0.5], "rotation": 270, "texture": "#0"},
				"up": {"uv": [0, 0, 0.5, 1], "rotation": 270, "texture": "#0"},
				"down": {"uv": [0, 0, 0.5, 1], "rotation": 270, "texture": "#0"}
			}
		},
		{
			"name": "hair tie",
			"from": [-3.3, 22.7, 6.7],
			"to": [-1.7, 29.3, 13.3],
			"rotation": {"angle": -22.5, "axis": "z", "origin": [1, 23, 7]},
			"faces": {
				"north": {"uv": [4.75, 1, 5.5, 1.25], "rotation": 90, "texture": "#0"},
				"east": {"uv": [4.75, 0, 5.5, 0.75], "rotation": 270, "texture": "#0"},
				"south": {"uv": [4, 1, 4.75, 1.25], "rotation": 270, "texture": "#0"},
				"west": {"uv": [4, 0, 4.75, 0.75], "rotation": 270, "texture": "#0"},
				"up": {"uv": [4.75, 0.75, 5.5, 1], "rotation": 270, "texture": "#0"},
				"down": {"uv": [4, 0.75, 4.75, 1], "rotation": 270, "texture": "#0"}
			}
		},
		{
			"name": "upper hair",
			"from": [-12, 14, 8],
			"to": [-8, 32, 12],
			"rotation": {"angle": -22.5, "axis": "z", "origin": [-12, 14, 8]},
			"faces": {
				"north": {"uv": [0, 4.5, 1, 9], "texture": "#0"},
				"east": {"uv": [3, 4.5, 4, 9], "texture": "#0"},
				"south": {"uv": [2, 4.5, 3, 9], "texture": "#0"},
				"west": {"uv": [1, 4.5, 2, 9], "texture": "#0"},
				"up": {"uv": [5.5, 0, 6.5, 1], "texture": "#0"}
			}
		},
		{
			"name": "middle hair",
			"from": [-11, -10, 9],
			"to": [-7, 15, 15],
			"rotation": {"angle": 22.5, "axis": "y", "origin": [-11, -10, 9]},
			"faces": {
				"north": {"uv": [12, 0, 13, 6.25], "texture": "#0"},
				"east": {"uv": [9.5, 0, 11, 6.25], "texture": "#0"},
				"south": {"uv": [11, 0, 12, 6.25], "texture": "#0"},
				"west": {"uv": [8, 0, 9.5, 6.25], "texture": "#0"},
				"up": {"uv": [7, 0, 8, 1.5], "texture": "#0"}
			}
		},
		{
			"name": "lower hair",
			"from": [-12, -16, 7],
			"to": [-3, -5, 11],
			"rotation": {"angle": -45, "axis": "y", "origin": [-12, -16, 11]},
			"faces": {
				"north": {"uv": [13.75, 5.75, 16, 8.5], "texture": "#0"},
				"east": {"uv": [15, 0, 16, 2.75], "texture": "#0"},
				"south": {"uv": [13.75, 3, 16, 5.75], "texture": "#0"},
				"west": {"uv": [14, 0, 15, 2.75], "texture": "#0"},
				"up": {"uv": [12.75, 6.25, 13.75, 8.5], "rotation": 270, "texture": "#0"}
			}
		},
		{
			"name": "upper hair",
			"from": [24, 14, 8],
			"to": [28, 32, 12],
			"rotation": {"angle": 22.5, "axis": "z", "origin": [28, 14, 8]},
			"faces": {
				"north": {"uv": [1, 4.5, 0, 9], "texture": "#0"},
				"east": {"uv": [2, 4.5, 1, 9], "texture": "#0"},
				"south": {"uv": [3, 4.5, 2, 9], "texture": "#0"},
				"west": {"uv": [4, 4.5, 3, 9], "texture": "#0"},
				"up": {"uv": [6.5, 0, 5.5, 1], "texture": "#0"}
			}
		},
		{
			"name": "middle hair",
			"from": [23, -10, 9],
			"to": [27, 15, 15],
			"rotation": {"angle": -22.5, "axis": "y", "origin": [27, -10, 9]},
			"faces": {
				"north": {"uv": [13, 0, 12, 6.25], "texture": "#0"},
				"east": {"uv": [9.5, 0, 8, 6.25], "texture": "#0"},
				"south": {"uv": [12, 0, 11, 6.25], "texture": "#0"},
				"west": {"uv": [11, 0, 9.5, 6.25], "texture": "#0"},
				"up": {"uv": [8, 0, 7, 1.5], "texture": "#0"}
			}
		},
		{
			"name": "lower hair",
			"from": [19, -16, 7],
			"to": [28, -5, 11],
			"rotation": {"angle": 45, "axis": "y", "origin": [28, -16, 11]},
			"faces": {
				"north": {"uv": [16, 5.75, 13.75, 8.5], "texture": "#0"},
				"east": {"uv": [15, 0, 14, 2.75], "texture": "#0"},
				"south": {"uv": [16, 3, 13.75, 5.75], "texture": "#0"},
				"west": {"uv": [16, 0, 15, 2.75], "texture": "#0"},
				"up": {"uv": [12.75, 8.5, 13.75, 6.25], "rotation": 270, "texture": "#0"}
			}
		},
		{
			"name": "hair tie",
			"from": [17.7, 22.7, 6.7],
			"to": [19.3, 29.3, 13.3],
			"rotation": {"angle": 22.5, "axis": "z", "origin": [15, 23, 7]},
			"faces": {
				"north": {"uv": [4.75, 1.25, 5.5, 1], "rotation": 90, "texture": "#0"},
				"east": {"uv": [4, 0.75, 4.75, 0], "rotation": 270, "texture": "#0"},
				"south": {"uv": [4, 1.25, 4.75, 1], "rotation": 270, "texture": "#0"},
				"west": {"uv": [4.75, 0.75, 5.5, 0], "rotation": 270, "texture": "#0"},
				"up": {"uv": [4.75, 1, 5.5, 0.75], "rotation": 270, "texture": "#0"},
				"down": {"uv": [4, 1, 4.75, 0.75], "rotation": 270, "texture": "#0"}
			}
		},
		{
			"name": "connecting hair",
			"from": [15, 25, 9],
			"to": [19, 27, 11],
			"rotation": {"angle": 22.5, "axis": "z", "origin": [15, 25, 9]},
			"faces": {
				"north": {"uv": [0, 1, 0.5, 0], "rotation": 90, "texture": "#0"},
				"east": {"uv": [0, 0.5, 0.5, 0], "rotation": 270, "texture": "#0"},
				"south": {"uv": [0, 1, 0.5, 0], "rotation": 270, "texture": "#0"},
				"west": {"uv": [0, 0.5, 0.5, 0], "rotation": 270, "texture": "#0"},
				"up": {"uv": [0, 1, 0.5, 0], "rotation": 270, "texture": "#0"},
				"down": {"uv": [0, 1, 0.5, 0], "rotation": 270, "texture": "#0"}
			}
		}
	],
	"display": {
		"thirdperson_lefthand": {
			"rotation": [63, -51, -8],
			"translation": [0, -1.25, -4.25],
			"scale": [0.3, 0.3, 0.3]
		},
		"firstperson_righthand": {
			"translation": [0, -1.75, 0],
			"scale": [0.29, 0.28, 0.28]
		},
		"firstperson_lefthand": {
			"translation": [0, -1.75, 0],
			"scale": [0.29, 0.28, 0.28]
		},
		"ground": {
			"translation": [0, 9.5, 0],
			"scale": [0.5, 0.5, 0.5]
		},
		"gui": {
			"rotation": [20, 141, 0],
			"scale": [0.29, 0.31, 0.3]
		},
		"head": {
			"translation": [0, -9.5, 0],
			"scale": [0.91, 0.91, 0.91]
		},
		"fixed": {
			"rotation": [-90, 0, 0],
			"translation": [0, 0, 37],
			"scale": [2.01, 2.01, 2.01]
		}
	}
}