{
	"credit": "Made with Blockbench",
	"parent": "minecraft:item/carved_pumpkin",
	"texture_size": [32, 32],
	"textures": {
		"0": "hatpack:block/hat/monitor_smile",
		"particle": "hatpack:block/hat/monitor"
	},
	"elements": [
		{
			"from": [0, 0, 0],
			"to": [16, 14, 12],
			"faces": {
				"north": {"uv": [0, 0, 4, 3.5], "texture": "#0"},
				"east": {"uv": [4, 0, 7, 3.5], "texture": "#0"},
				"south": {"uv": [7, 0, 11, 3.5], "texture": "#0"},
				"west": {"uv": [11, 0, 14, 3.5], "texture": "#0"},
				"up": {"uv": [0, 3.5, 4, 6.5], "texture": "#0"},
				"down": {"uv": [4, 3.5, 8, 6.5], "texture": "#0"}
			}
		},
		{
			"from": [2, 4, 12],
			"to": [14, 12, 14],
			"rotation": {"angle": 0, "axis": "y", "origin": [0, 0, 2]},
			"faces": {
				"north": {"uv": [0, 6.5, 3, 8.5], "texture": "#0"},
				"east": {"uv": [3, 6.5, 3.5, 8.5], "texture": "#0"},
				"south": {"uv": [3.5, 6.5, 6.5, 8.5], "texture": "#0"},
				"west": {"uv": [6.5, 6.5, 7, 8.5], "texture": "#0"},
				"up": {"uv": [7, 6.5, 10, 7], "texture": "#0"},
				"down": {"uv": [7, 7, 10, 7.5], "texture": "#0"}
			}
		},
		{
			"from": [3, 14, 6],
			"to": [13, 20, 6],
			"rotation": {"angle": 0, "axis": "y", "origin": [0, 11, -5]},
			"faces": {
				"north": {"uv": [0, 8.5, 5, 11.5], "texture": "#0"},
				"south": {"uv": [5, 8.5, 0, 11.5], "texture": "#0"}
			}
		}
	],
	"display": {
		"thirdperson_righthand": {
			"rotation": [75, 0, 0],
			"translation": [-5.75, 0, 0],
			"scale": [0.82, 0.82, 0.82]
		},
		"firstperson_righthand": {
			"translation": [-9.25, -1.75, 0]
		},
		"firstperson_lefthand": {
			"translation": [-9.25, -1.75, 0]
		},
		"ground": {
			"rotation": [19, 0, 0],
			"translation": [0, 1.75, 0],
			"scale": [0.65, 0.65, 0.65]
		},
		"gui": {
			"rotation": [19, -148, 0],
			"translation": [-0.75, 0.25, 0],
			"scale": [0.65, 0.65, 0.65]
		},
		"head": {
			"translation": [0, 1.25, 2.25],
			"scale": [1.17, 1.17, 1.25]
		},
		"fixed": {
			"rotation": [-90, 0, 0],
			"translation": [0, 4, -16],
			"scale": [2.02, 2.02, 2.02]
		}
	}
}