{
	"credit": "Made with Blockbench",
	"parent": "minecraft:block/carved_pumpkin",
	"textures": {
		"0": "hatpack:block/hat/toilet_roll",
		"particle": "hatpack:block/hat/toilet_roll"
	},
	"elements": [
		{
			"from": [5, 0, 5],
			"to": [11, 8, 11],
			"rotation": {"angle": 0, "axis": "y", "origin": [5, 0, 5]},
			"faces": {
				"north": {"uv": [0, 0, 3, 4], "texture": "#0"},
				"east": {"uv": [3, 0, 6, 4], "texture": "#0"},
				"south": {"uv": [6, 0, 9, 4], "texture": "#0"},
				"west": {"uv": [9, 0, 12, 4], "texture": "#0"},
				"up": {"uv": [12, 0, 15, 3], "texture": "#0"},
				"down": {"uv": [12, 3, 15, 6], "texture": "#0"}
			}
		},
		{
			"from": [5.75, 0, 4.75],
			"to": [9.75, 8, 4.75],
			"rotation": {"angle": 22.5, "axis": "y", "origin": [5.75, 0, 6.75]},
			"faces": {
				"north": {"uv": [0, 4, 2, 8], "texture": "#0"},
				"south": {"uv": [2, 4, 4, 8], "texture": "#0"}
			}
		}
	],
	"display": {
		"thirdperson_righthand": {
			"rotation": [0, -9, 0],
			"translation": [-2, 2.75, 0],
			"scale": [0.65, 0.65, 0.65]
		},
		"thirdperson_lefthand": {
			"rotation": [0, -9, 0],
			"translation": [-2, 2.75, 0],
			"scale": [0.65, 0.65, 0.65]
		},
		"firstperson_righthand": {
			"rotation": [0, 27, 0],
			"translation": [0.75, 2.25, 0],
			"scale": [0.78, 1, 0.66]
		},
		"firstperson_lefthand": {
			"translation": [0.75, 2.25, 0],
			"scale": [0.78, 1, 0.66]
		},
		"ground": {
			"rotation": [24, 9, -24],
			"translation": [0, 0.5, 0],
			"scale": [0.5, 0.5, 0.5]
		},
		"gui": {
			"rotation": [30, -126, 0],
			"translation": [0, 3, 0]
		},
		"head": {
			"rotation": [-3, 27, -8],
			"translation": [0.75, 14.25, 0]
		},
		"fixed": {
			"rotation": [0, 0, -90],
			"translation": [6, -1.25, -3.5],
			"scale": [1.45, 1.45, 1.45]
		}
	}
}